{
  "project_info": {
    "project_number": "823783986819",
    "project_id": "mygymstoreapplication",
    "storage_bucket": "mygymstoreapplication.appspot.com"
  },
  "client": [
    {
      "client_info": {
        "mobilesdk_app_id": "1:823783986819:android:411071ceba4e25d0e72db6",
        "android_client_info": {
          "package_name": "com.example.mygymstoreapplication"
        }
      },
      "oauth_client": [
        {
          "client_id": "823783986819-a89eklp6bgbngcepumvsdp084t57clo7.apps.googleusercontent.com",
          "client_type": 3
        }
      ],
      "api_key": [
        {
          "current_key": "AIzaSyAmq4VilZAPgof0VPAlQJn8vBf3cUjFO40"
        }
      ],
      "services": {
        "appinvite_service": {
          "other_platform_oauth_client": [
            {
              "client_id": "823783986819-a89eklp6bgbngcepumvsdp084t57clo7.apps.googleusercontent.com",
              "client_type": 3
            }
          ]
        }
      }
    }
  ],
  "configuration_version": "1"
}